district,year,area,production,yield,season_used
Agra,2006,1.28,4.25,3310.0,Total
Agra,2007,1.24,3.44,2770.0,Total
Agra,2008,1.36,4.3,3154.0,Total
Agra,2009,1.32,4.35,3293.0,Total
Agra,2010,1.38,4.4,3183.0,Total
Agra,2011,1.38,5.11,3703.0,Total
Agra,2012,1.35,5.25,3897.0,Total
Agra,2013,1.35,5.17,3832.0,Total
Agra,2014,1.32,4.9,3706.0,Total
Agra,2015,1.36,3.28,2411.0,Total
Agra,2016,1.21,3.9,3226.0,Total
Agra,2017,1.29,5.24,4080.0,Total
Agra,2018,1.37,5.54,4037.0,Total
Agra,2019,1.32,5.78,4369.0,Total
Agra,2020,1.37,5.55,,Total
Agra,2021,1.38,5.86,4258.0,Total
Agra,2022,1.42,5.73,4050.0,Total
Agra,2023,1.31,5.53,4222.0,Total
Agra,2024,1.21,5.1,4229.0,Total
Agra,2025,1.25,5.22,4165.0,Total
Aligarh,2006,2.15,6.55,3045.0,Total
Aligarh,2007,2.23,6.36,2856.0,Total
Aligarh,2008,2.15,6.92,3217.0,Total
Aligarh,2009,2.21,7.49,3387.0,Total
Aligarh,2010,2.24,7.16,3193.0,Total
Aligarh,2011,2.22,7.86,3545.0,Total
Aligarh,2012,2.18,8.2,3766.0,Total
Aligarh,2013,2.18,7.57,3465.0,Total
Aligarh,2014,2.25,8.11,3601.0,Total
Aligarh,2015,2.23,5.47,2448.0,Total
Aligarh,2016,2.17,7.1,3278.0,Total
Aligarh,2017,2.18,8.68,3980.0,Total
Aligarh,2018,2.24,9.61,4300.0,Total
Aligarh,2019,2.22,9.46,4266.0,Total
Aligarh,2020,2.24,9.22,,Total
Aligarh,2021,2.24,9.35,4182.0,Total
Aligarh,2022,2.33,9.76,4195.0,Total
Aligarh,2023,1.82,7.64,4196.0,Total
Aligarh,2024,1.93,7.69,3976.0,Total
Aligarh,2025,1.84,6.94,3764.0,Total
Allahabad,2006,2.3,4.55,1977.0,Total
Allahabad,2007,2.08,4.86,2335.0,Total
Allahabad,2008,2.24,5.0,2234.0,Total
Allahabad,2009,2.22,5.54,2494.0,Total
Allahabad,2010,2.08,4.46,2139.0,Total
Allahabad,2011,2.11,5.19,2465.0,Total
Allahabad,2012,2.16,5.72,2644.0,Total
Allahabad,2013,2.2,5.49,2492.0,Total
Allahabad,2014,2.14,5.22,2436.0,Total
Allahabad,2015,2.13,2.91,1364.0,Total
Allahabad,2016,2.35,4.49,1912.0,Total
Allahabad,2017,2.23,6.7,2998.0,Total
Allahabad,2018,2.1,7.91,3761.0,Total
Allahabad,2019,2.11,7.49,3553.0,Total
Allahabad,2020,2.11,5.93,,Total
Allahabad,2021,2.11,7.56,3585.0,Total
Allahabad,2022,2.22,6.39,2873.0,Total
Allahabad,2023,2.45,5.63,2302.0,Total
Allahabad,2024,2.47,6.11,2475.0,Total
Allahabad,2025,2.26,6.34,2800.0,Total
Ambedkar Nagar,2006,1.15,3.42,2977.0,Total
Ambedkar Nagar,2007,1.15,3.4,2960.0,Total
Ambedkar Nagar,2008,1.18,3.84,3244.0,Total
Ambedkar Nagar,2009,1.19,3.94,3313.0,Total
Ambedkar Nagar,2010,1.16,3.64,3130.0,Total
Ambedkar Nagar,2011,1.14,3.81,3352.0,Total
Ambedkar Nagar,2012,1.18,3.96,3357.0,Total
Ambedkar Nagar,2013,1.17,3.91,3342.0,Total
Ambedkar Nagar,2014,1.18,4.08,3444.0,Total
Ambedkar Nagar,2015,1.2,2.76,2297.0,Total
Ambedkar Nagar,2016,1.2,3.83,3183.0,Total
Ambedkar Nagar,2017,1.2,4.25,3549.0,Total
Ambedkar Nagar,2018,1.18,4.84,4111.0,Total
Ambedkar Nagar,2019,1.19,4.89,4099.0,Total
Ambedkar Nagar,2020,1.19,4.66,,Total
Ambedkar Nagar,2021,1.2,4.59,3842.0,Total
Ambedkar Nagar,2022,1.24,4.56,3684.0,Total
Ambedkar Nagar,2023,1.18,4.02,3398.0,Total
Ambedkar Nagar,2024,1.12,4.0,3557.0,Total
Ambedkar Nagar,2025,1.1,4.26,3890.0,Total
Amethi,2011,0.83,2.32,2793.0,Total
Amethi,2012,1.25,3.6,2874.0,Total
Amethi,2013,1.26,3.87,3062.0,Total
Amethi,2014,1.27,3.03,2380.0,Total
Amethi,2015,0.95,1.74,1820.0,Total
Amethi,2016,0.94,2.23,2375.0,Total
Amethi,2017,1.27,3.89,3061.0,Total
Amethi,2018,1.29,4.99,3876.0,Total
Amethi,2019,1.29,4.58,3542.0,Total
Amethi,2020,1.26,3.89,,Total
Amethi,2021,1.27,4.93,3878.0,Total
Amethi,2022,1.39,4.45,3215.0,Total
Amethi,2023,1.3,3.81,2945.0,Total
Amethi,2024,1.2,3.43,2861.0,Total
Amethi,2025,1.17,3.73,3175.0,Total
Amroha,2006,0.87,2.54,2903.0,Total
Amroha,2007,0.9,2.82,3142.0,Total
Amroha,2008,0.92,2.77,3006.0,Total
Amroha,2009,0.94,2.97,3155.0,Total
Amroha,2010,0.98,2.78,2847.0,Total
Amroha,2011,0.92,2.92,3171.0,Total
Amroha,2012,0.91,2.88,3163.0,Total
Amroha,2013,0.9,2.89,3211.0,Total
Amroha,2014,0.93,3.05,3293.0,Total
Amroha,2015,0.92,1.93,2109.0,Total
Amroha,2016,0.92,2.74,2962.0,Total
Amroha,2017,0.93,3.25,3511.0,Total
Amroha,2018,0.9,3.34,3706.0,Total
Amroha,2019,0.88,3.37,3807.0,Total
Amroha,2020,0.9,3.48,,Total
Amroha,2021,0.92,3.7,4020.0,Total
Amroha,2022,0.96,3.79,3948.0,Total
Amroha,2023,0.93,3.82,4114.0,Total
Amroha,2024,0.68,2.71,3984.0,Total
Amroha,2025,0.87,3.19,3665.0,Total
Auraiya,2006,0.92,2.68,2925.0,Total
Auraiya,2007,0.94,2.97,3138.0,Total
Auraiya,2008,0.94,2.89,3056.0,Total
Auraiya,2009,0.98,3.48,3538.0,Total
Auraiya,2010,1.0,2.86,2873.0,Total
Auraiya,2011,1.01,3.77,3751.0,Total
Auraiya,2012,1.02,3.91,3848.0,Total
Auraiya,2013,1.04,3.76,3628.0,Total
Auraiya,2014,1.04,3.98,3814.0,Total
Auraiya,2015,1.04,2.36,2265.0,Total
Auraiya,2016,1.08,3.35,3085.0,Total
Auraiya,2017,1.0,4.0,4017.0,Total
Auraiya,2018,1.02,3.96,3878.0,Total
Auraiya,2019,1.01,4.18,4136.0,Total
Auraiya,2020,1.03,4.0,,Total
Auraiya,2021,1.02,4.24,4150.0,Total
Auraiya,2022,1.06,4.2,3968.0,Total
Auraiya,2023,1.03,4.3,4170.0,Total
Auraiya,2024,0.88,3.51,3967.0,Total
Auraiya,2025,0.97,3.17,3252.0,Total
Azamgarh,2006,2.22,5.32,2398.0,Total
Azamgarh,2007,2.21,5.42,2449.0,Total
Azamgarh,2008,2.29,5.94,2594.0,Total
Azamgarh,2009,2.32,6.33,2730.0,Total
Azamgarh,2010,2.35,6.07,2587.0,Total
Azamgarh,2011,2.33,6.51,2797.0,Total
Azamgarh,2012,2.31,6.68,2892.0,Total
Azamgarh,2013,2.36,6.94,2943.0,Total
Azamgarh,2014,2.32,7.18,3095.0,Total
Azamgarh,2015,2.44,5.17,2118.0,Total
Azamgarh,2016,2.31,6.3,2727.0,Total
Azamgarh,2017,2.32,7.78,3354.0,Total
Azamgarh,2018,2.35,8.09,3440.0,Total
Azamgarh,2019,2.31,8.52,3692.0,Total
Azamgarh,2020,2.32,8.02,,Total
Azamgarh,2021,2.4,8.5,3536.0,Total
Azamgarh,2022,2.45,8.51,3474.0,Total
Azamgarh,2023,2.34,8.41,3589.0,Total
Azamgarh,2024,2.23,7.73,3471.0,Total
Azamgarh,2025,2.28,8.2,3602.0,Total
Baghpat,2006,0.58,1.89,3270.0,Total
Baghpat,2007,0.56,2.27,4027.0,Total
Baghpat,2008,0.57,1.91,3365.0,Total
Baghpat,2009,0.56,2.13,3796.0,Total
Baghpat,2010,0.56,2.04,3631.0,Total
Baghpat,2011,0.56,2.3,4119.0,Total
Baghpat,2012,0.55,2.33,4240.0,Total
Baghpat,2013,0.54,2.39,4446.0,Total
Baghpat,2014,0.55,2.49,4502.0,Total
Baghpat,2015,0.52,1.75,3390.0,Total
Baghpat,2016,0.53,2.18,4140.0,Total
Baghpat,2017,0.54,2.55,4737.0,Total
Baghpat,2018,0.57,2.51,4431.0,Total
Baghpat,2019,0.55,2.5,4559.0,Total
Baghpat,2020,0.55,2.51,,Total
Baghpat,2021,0.55,2.53,4573.0,Total
Baghpat,2022,0.57,2.6,4551.0,Total
Baghpat,2023,0.55,2.49,4537.0,Total
Baghpat,2024,0.44,1.88,4263.0,Total
Baghpat,2025,0.48,2.09,4398.0,Total
Bahraich,2006,1.54,3.71,2404.0,Total
Bahraich,2007,1.53,4.05,2645.0,Total
Bahraich,2008,1.52,4.18,2748.0,Total
Bahraich,2009,1.56,4.4,2831.0,Total
Bahraich,2010,1.57,4.09,2600.0,Total
Bahraich,2011,1.6,4.64,2905.0,Total
Bahraich,2012,1.53,4.69,3067.0,Total
Bahraich,2013,1.6,4.56,2845.0,Total
Bahraich,2014,1.68,5.43,3234.0,Total
Bahraich,2015,1.66,3.94,2376.0,Total
Bahraich,2016,1.83,4.87,2661.0,Total
Bahraich,2017,1.6,5.05,3162.0,Total
Bahraich,2018,1.68,6.29,3751.0,Total
Bahraich,2019,1.6,6.08,3793.0,Total
Bahraich,2020,1.57,4.82,,Total
Bahraich,2021,1.62,5.66,3493.0,Total
Bahraich,2022,1.65,5.82,3518.0,Total
Bahraich,2023,1.88,6.08,3242.0,Total
Bahraich,2024,1.86,5.89,3168.0,Total
Bahraich,2025,1.9,6.69,3528.0,Total
Ballia,2006,1.44,3.04,2108.0,Total
Ballia,2007,1.43,3.55,2471.0,Total
Ballia,2008,1.36,3.54,2600.0,Total
Ballia,2009,1.48,4.02,2709.0,Total
Ballia,2010,1.4,3.56,2537.0,Total
Ballia,2011,1.39,4.07,2934.0,Total
Ballia,2012,1.39,4.52,3246.0,Total
Ballia,2013,1.36,4.59,3378.0,Total
Ballia,2014,1.38,3.96,2872.0,Total
Ballia,2015,1.42,3.22,2269.0,Total
Ballia,2016,1.39,3.77,2707.0,Total
Ballia,2017,1.38,5.42,3940.0,Total
Ballia,2018,1.37,4.95,3616.0,Total
Ballia,2019,1.37,5.26,3842.0,Total
Ballia,2020,1.37,5.22,,Total
Ballia,2021,1.38,5.2,3769.0,Total
Ballia,2022,1.42,5.37,3772.0,Total
Ballia,2023,1.48,5.15,3484.0,Total
Ballia,2024,1.24,4.2,3396.0,Total
Ballia,2025,1.41,5.15,3653.0,Total
Balrampur,2006,0.83,1.85,2216.0,Total
Balrampur,2007,0.81,1.98,2436.0,Total
Balrampur,2008,0.83,2.91,3502.0,Total
Balrampur,2009,0.88,2.45,2790.0,Total
Balrampur,2010,0.82,2.36,2889.0,Total
Balrampur,2011,0.83,2.35,2839.0,Total
Balrampur,2012,0.83,2.4,2882.0,Total
Balrampur,2013,0.88,2.38,2715.0,Total
Balrampur,2014,0.86,2.37,2759.0,Total
Balrampur,2015,0.9,1.9,2102.0,Total
Balrampur,2016,0.86,2.05,2389.0,Total
Balrampur,2017,0.88,2.51,2867.0,Total
Balrampur,2018,0.83,3.02,3646.0,Total
Balrampur,2019,0.86,3.0,3504.0,Total
Balrampur,2020,0.88,3.25,,Total
Balrampur,2021,0.87,2.97,3403.0,Total
Balrampur,2022,0.89,2.95,3305.0,Total
Balrampur,2023,1.05,3.21,3049.0,Total
Balrampur,2024,1.06,3.53,3329.0,Total
Balrampur,2025,1.02,3.21,3135.0,Total
Banda,2006,1.31,1.83,1402.0,Total
Banda,2007,1.27,1.86,1466.0,Total
Banda,2008,1.1,1.47,1331.0,Total
Banda,2009,1.43,2.59,1810.0,Total
Banda,2010,1.41,2.37,1676.0,Total
Banda,2011,1.46,2.64,1815.0,Total
Banda,2012,1.51,3.15,2085.0,Total
Banda,2013,1.54,3.43,2231.0,Total
Banda,2014,1.64,3.12,1901.0,Total
Banda,2015,1.52,1.38,910.0,Total
Banda,2016,0.23,0.27,1200.0,Total
Banda,2017,1.97,4.62,2345.0,Total
Banda,2018,1.59,3.64,2288.0,Total
Banda,2019,1.6,4.89,3063.0,Total
Banda,2020,1.62,4.61,,Total
Banda,2021,1.62,4.54,2807.0,Total
Banda,2022,1.67,5.05,3020.0,Total
Banda,2023,1.94,6.35,3278.0,Total
Banda,2024,1.77,5.45,3070.0,Total
Banda,2025,1.82,5.06,2790.0,Total
Barabanki,2006,1.62,4.71,2906.0,Total
Barabanki,2007,1.66,4.9,2956.0,Total
Barabanki,2008,1.66,4.82,2907.0,Total
Barabanki,2009,1.53,4.71,3074.0,Total
Barabanki,2010,1.59,4.91,3079.0,Total
Barabanki,2011,1.67,5.44,3252.0,Total
Barabanki,2012,1.61,5.65,3510.0,Total
Barabanki,2013,1.62,6.03,3716.0,Total
Barabanki,2014,1.67,5.91,3547.0,Total
Barabanki,2015,1.65,3.92,2370.0,Total
Barabanki,2016,1.68,4.98,2973.0,Total
Barabanki,2017,1.67,6.07,3635.0,Total
Barabanki,2018,1.68,6.77,4022.0,Total
Barabanki,2019,1.62,6.41,3950.0,Total
Barabanki,2020,1.66,6.72,,Total
Barabanki,2021,1.67,7.23,4331.0,Total
Barabanki,2022,1.74,7.01,4042.0,Total
Barabanki,2023,1.66,6.3,3794.0,Total
Barabanki,2024,1.24,5.02,4059.0,Total
Barabanki,2025,1.52,6.31,4141.0,Total
Bareilly,2006,1.79,4.53,2535.0,Total
Bareilly,2007,1.97,5.61,2850.0,Total
Bareilly,2008,1.95,5.5,2823.0,Total
Bareilly,2009,1.91,5.71,2986.0,Total
Bareilly,2010,2.17,6.07,2795.0,Total
Bareilly,2011,2.05,5.96,2914.0,Total
Bareilly,2012,2.0,6.5,3253.0,Total
Bareilly,2013,2.0,6.15,3070.0,Total
Bareilly,2014,2.0,6.3,3151.0,Total
Bareilly,2015,2.13,3.95,1858.0,Total
Bareilly,2016,2.1,6.14,2930.0,Total
Bareilly,2017,2.14,7.83,3656.0,Total
Bareilly,2018,1.95,7.16,3671.0,Total
Bareilly,2019,1.99,7.76,3909.0,Total
Bareilly,2020,1.99,6.29,,Total
Bareilly,2021,2.0,7.74,3867.0,Total
Bareilly,2022,2.08,8.13,3906.0,Total
Bareilly,2023,2.07,8.45,4075.0,Total
Bareilly,2024,1.72,6.9,4007.0,Total
Bareilly,2025,1.67,6.74,4031.0,Total
Basti,2006,1.01,2.32,2290.0,Total
Basti,2007,1.14,2.71,2369.0,Total
Basti,2008,0.92,2.22,2420.0,Total
Basti,2009,1.12,3.11,2777.0,Total
Basti,2010,1.15,2.83,2462.0,Total
Basti,2011,1.16,3.2,2766.0,Total
Basti,2012,1.16,3.66,3149.0,Total
Basti,2013,1.19,3.47,2913.0,Total
Basti,2014,1.19,3.83,3218.0,Total
Basti,2015,1.2,2.54,2122.0,Total
Basti,2016,1.13,2.96,2615.0,Total
Basti,2017,1.19,3.8,3179.0,Total
Basti,2018,1.2,4.72,3944.0,Total
Basti,2019,1.19,4.49,3761.0,Total
Basti,2020,1.2,3.69,,Total
Basti,2021,1.2,4.26,3557.0,Total
Basti,2022,1.24,4.52,3638.0,Total
Basti,2023,1.41,4.83,3421.0,Total
Basti,2024,1.33,4.45,3345.0,Total
Basti,2025,1.28,4.46,3476.0,Total
Bijnor,2006,1.05,2.88,2738.0,Total
Bijnor,2007,1.13,3.33,2953.0,Total
Bijnor,2008,1.09,3.18,2925.0,Total
Bijnor,2009,1.11,3.31,2987.0,Total
Bijnor,2010,1.06,3.04,2861.0,Total
Bijnor,2011,1.12,3.41,3048.0,Total
Bijnor,2012,1.09,3.5,3202.0,Total
Bijnor,2013,1.03,3.3,3193.0,Total
Bijnor,2014,1.48,4.89,3304.0,Total
Bijnor,2015,1.17,3.15,2703.0,Total
Bijnor,2016,1.0,3.09,3100.0,Total
Bijnor,2017,1.48,5.12,3457.0,Total
Bijnor,2018,1.57,5.69,3620.0,Total
Bijnor,2019,1.49,5.58,3751.0,Total
Bijnor,2020,1.46,5.1,,Total
Bijnor,2021,1.55,5.92,3807.0,Total
Bijnor,2022,1.6,6.02,3753.0,Total
Bijnor,2023,1.53,5.78,3789.0,Total
Bijnor,2024,0.92,3.34,3627.0,Total
Bijnor,2025,1.28,4.61,3596.0,Total
Budaun,2006,2.89,7.84,2717.0,Total
Budaun,2007,2.84,8.48,2991.0,Total
Budaun,2008,2.94,8.37,2850.0,Total
Budaun,2009,2.73,8.74,3197.0,Total
Budaun,2010,3.12,10.8,3468.0,Total
Budaun,2011,3.06,10.41,3396.0,Total
Budaun,2012,2.93,10.18,3469.0,Total
Budaun,2013,2.3,7.65,3324.0,Total
Budaun,2014,2.45,8.94,3645.0,Total
Budaun,2015,2.56,5.38,2105.0,Total
Budaun,2016,2.51,7.11,2831.0,Total
Budaun,2017,2.34,8.2,3509.0,Total
Budaun,2018,2.23,8.23,3692.0,Total
Budaun,2019,2.26,8.81,3891.0,Total
Budaun,2020,2.51,10.24,,Total
Budaun,2021,2.32,9.07,3905.0,Total
Budaun,2022,2.42,9.39,3886.0,Total
Budaun,2023,2.15,9.13,4238.0,Total
Budaun,2024,2.21,9.65,4376.0,Total
Budaun,2025,1.91,7.73,4044.0,Total
Bulandshahr,2006,1.9,6.35,3338.0,Total
Bulandshahr,2007,1.78,6.73,3771.0,Total
Bulandshahr,2008,1.94,6.92,3571.0,Total
Bulandshahr,2009,1.97,7.78,3957.0,Total
Bulandshahr,2010,1.95,7.25,3710.0,Total
Bulandshahr,2011,1.92,7.59,3947.0,Total
Bulandshahr,2012,1.98,8.33,4216.0,Total
Bulandshahr,2013,1.94,7.82,4030.0,Total
Bulandshahr,2014,1.91,7.88,4121.0,Total
Bulandshahr,2015,1.96,5.34,2731.0,Total
Bulandshahr,2016,1.98,7.65,3867.0,Total
Bulandshahr,2017,1.95,8.34,4271.0,Total
Bulandshahr,2018,1.91,8.69,4541.0,Total
Bulandshahr,2019,2.01,9.1,4528.0,Total
Bulandshahr,2020,1.93,8.44,,Total
Bulandshahr,2021,1.94,8.55,4404.0,Total
Bulandshahr,2022,2.02,8.96,4437.0,Total
Bulandshahr,2023,1.95,8.38,4286.0,Total
Bulandshahr,2024,1.73,7.49,4324.0,Total
Bulandshahr,2025,1.78,7.04,3954.0,Total
Chandauli,2006,0.94,1.63,1730.0,Total
Chandauli,2007,0.91,2.06,2263.0,Total
Chandauli,2008,0.93,2.11,2259.0,Total
Chandauli,2009,1.02,2.37,2325.0,Total
Chandauli,2010,0.97,2.01,2070.0,Total
Chandauli,2011,0.96,2.43,2543.0,Total
Chandauli,2012,0.93,2.36,2543.0,Total
Chandauli,2013,1.01,3.03,2990.0,Total
Chandauli,2014,1.02,2.69,2625.0,Total
Chandauli,2015,0.95,1.4,1469.0,Total
Chandauli,2016,0.98,1.87,1918.0,Total
Chandauli,2017,0.98,2.82,2875.0,Total
Chandauli,2018,1.12,3.77,3367.0,Total
Chandauli,2019,1.02,3.82,3748.0,Total
Chandauli,2020,1.0,3.41,,Total
Chandauli,2021,1.0,3.64,3643.0,Total
Chandauli,2022,1.05,3.71,3523.0,Total
Chandauli,2023,1.15,3.65,3178.0,Total
Chandauli,2024,1.13,4.05,3580.0,Total
Chandauli,2025,1.06,3.84,3615.0,Total
Chitrakoot,2006,0.56,0.85,1524.0,Total
Chitrakoot,2007,0.52,0.65,1253.0,Total
Chitrakoot,2008,0.43,0.51,1183.0,Total
Chitrakoot,2009,0.49,0.85,1715.0,Total
Chitrakoot,2010,0.52,0.98,1879.0,Total
Chitrakoot,2011,0.48,0.86,1784.0,Total
Chitrakoot,2012,0.49,1.22,2504.0,Total
Chitrakoot,2013,0.54,1.3,2405.0,Total
Chitrakoot,2014,0.52,1.02,1956.0,Total
Chitrakoot,2015,0.55,0.61,1117.0,Total
Chitrakoot,2016,0.6,0.71,1193.0,Total
Chitrakoot,2017,0.5,1.54,3096.0,Total
Chitrakoot,2018,0.5,1.31,2640.0,Total
Chitrakoot,2019,0.5,1.35,2712.0,Total
Chitrakoot,2020,0.54,1.43,,Total
Chitrakoot,2021,0.5,1.65,3308.0,Total
Chitrakoot,2022,0.51,1.62,3189.0,Total
Chitrakoot,2023,0.8,2.51,3140.0,Total
Chitrakoot,2024,0.7,2.11,3029.0,Total
Chitrakoot,2025,0.61,1.75,2860.0,Total
Deoria,2006,1.51,3.31,2185.0,Total
Deoria,2007,1.26,3.17,2510.0,Total
Deoria,2008,1.46,4.03,2754.0,Total
Deoria,2009,1.52,4.13,2717.0,Total
Deoria,2010,1.47,3.75,2540.0,Total
Deoria,2011,1.49,4.41,2965.0,Total
Deoria,2012,1.48,4.57,3083.0,Total
Deoria,2013,1.56,4.84,3107.0,Total
Deoria,2014,1.56,4.73,3024.0,Total
Deoria,2015,1.55,2.91,1877.0,Total
Deoria,2016,1.57,3.99,2545.0,Total
Deoria,2017,1.52,5.09,3344.0,Total
Deoria,2018,1.53,4.82,3143.0,Total
Deoria,2019,1.52,5.06,3326.0,Total
Deoria,2020,1.53,5.14,,Total
Deoria,2021,1.53,5.33,3481.0,Total
Deoria,2022,1.6,5.35,3345.0,Total
Deoria,2023,1.73,6.36,3685.0,Total
Deoria,2024,1.65,5.86,3548.0,Total
Deoria,2025,1.44,5.16,3568.0,Total
Etah,2006,2.07,5.72,2765.0,Total
Etah,2007,2.28,6.44,2832.0,Total
Etah,2008,2.22,6.26,2812.0,Total
Etah,2009,2.28,7.34,3215.0,Total
Etah,2010,1.35,4.1,3037.0,Total
Etah,2011,1.37,4.42,3239.0,Total
Etah,2012,1.36,4.76,3509.0,Total
Etah,2013,1.36,4.62,3387.0,Total
Etah,2014,1.34,4.85,3616.0,Total
Etah,2015,1.34,2.65,1980.0,Total
Etah,2016,1.34,3.9,2901.0,Total
Etah,2017,1.35,5.24,3881.0,Total
Etah,2018,1.35,5.29,3909.0,Total
Etah,2019,1.36,5.22,3843.0,Total
Etah,2020,1.37,5.67,,Total
Etah,2021,1.37,5.67,4126.0,Total
Etah,2022,1.41,5.47,3890.0,Total
Etah,2023,1.36,5.62,4139.0,Total
Etah,2024,1.02,3.97,3905.0,Total
Etah,2025,1.15,4.15,3625.0,Total
Etawah,2006,0.89,2.72,3056.0,Total
Etawah,2007,0.88,2.85,3227.0,Total
Etawah,2008,0.92,2.55,2781.0,Total
Etawah,2009,0.94,3.26,3483.0,Total
Etawah,2010,0.94,2.73,2914.0,Total
Etawah,2011,0.95,3.34,3522.0,Total
Etawah,2012,0.94,3.63,3848.0,Total
Etawah,2013,0.94,3.67,3914.0,Total
Etawah,2014,0.97,3.61,3734.0,Total
Etawah,2015,0.97,1.65,1706.0,Total
Etawah,2016,0.98,3.25,3326.0,Total
Etawah,2017,0.99,4.11,4140.0,Total
Etawah,2018,0.96,3.61,3754.0,Total
Etawah,2019,0.96,4.2,4371.0,Total
Etawah,2020,0.95,3.92,,Total
Etawah,2021,0.96,3.96,4125.0,Total
Etawah,2022,1.05,4.01,3833.0,Total
Etawah,2023,1.0,4.06,4052.0,Total
Etawah,2024,0.89,3.65,4107.0,Total
Etawah,2025,0.91,3.73,4083.0,Total
Faizabad,2006,0.76,1.99,2611.0,Total
Faizabad,2007,0.79,2.12,2685.0,Total
Faizabad,2008,0.79,2.19,2758.0,Total
Faizabad,2009,1.04,2.93,2819.0,Total
Faizabad,2010,1.08,2.82,2615.0,Total
Faizabad,2011,1.09,3.07,2819.0,Total
Faizabad,2012,1.09,3.23,2962.0,Total
Faizabad,2013,1.08,3.2,2959.0,Total
Faizabad,2014,1.09,2.69,2467.0,Total
Faizabad,2015,1.1,2.27,2060.0,Total
Faizabad,2016,1.09,2.99,2740.0,Total
Faizabad,2017,1.11,3.64,3289.0,Total
Faizabad,2018,1.09,4.13,3779.0,Total
Faizabad,2019,1.06,4.13,3888.0,Total
Faizabad,2020,1.1,4.09,,Total
Faizabad,2021,1.12,3.96,3528.0,Total
Faizabad,2022,1.16,3.93,3396.0,Total
Faizabad,2023,1.07,3.39,3168.0,Total
Faizabad,2024,0.91,2.74,2992.0,Total
Faizabad,2025,1.04,3.67,3521.0,Total
Farrukhabad,2006,0.74,2.31,3123.0,Total
Farrukhabad,2007,0.71,2.31,3259.0,Total
Farrukhabad,2008,0.7,2.22,3168.0,Total
Farrukhabad,2009,0.71,2.45,3436.0,Total
Farrukhabad,2010,0.72,2.5,3463.0,Total
Farrukhabad,2011,0.73,2.63,3585.0,Total
Farrukhabad,2012,0.74,2.83,3795.0,Total
Farrukhabad,2013,0.75,2.72,3614.0,Total
Farrukhabad,2014,0.76,2.64,3483.0,Total
Farrukhabad,2015,0.77,1.8,2340.0,Total
Farrukhabad,2016,0.73,2.31,3171.0,Total
Farrukhabad,2017,0.77,3.01,3921.0,Total
Farrukhabad,2018,0.75,3.38,4498.0,Total
Farrukhabad,2019,0.76,3.24,4282.0,Total
Farrukhabad,2020,0.76,3.21,,Total
Farrukhabad,2021,0.76,3.12,4080.0,Total
Farrukhabad,2022,0.78,3.03,3877.0,Total
Farrukhabad,2023,0.75,3.11,4141.0,Total
Farrukhabad,2024,0.66,2.56,3883.0,Total
Farrukhabad,2025,0.68,3.15,4617.0,Total
Fatehpur,2006,1.5,3.24,2159.0,Total
Fatehpur,2007,1.47,3.64,2472.0,Total
Fatehpur,2008,1.52,3.91,2575.0,Total
Fatehpur,2009,1.57,4.55,2900.0,Total
Fatehpur,2010,1.62,4.43,2739.0,Total
Fatehpur,2011,1.64,5.35,3273.0,Total
Fatehpur,2012,1.69,5.54,3275.0,Total
Fatehpur,2013,1.71,5.61,3284.0,Total
Fatehpur,2014,1.74,5.96,3416.0,Total
Fatehpur,2015,1.74,3.41,1960.0,Total
Fatehpur,2016,1.85,4.61,2485.0,Total
Fatehpur,2017,1.76,6.14,3495.0,Total
Fatehpur,2018,1.7,5.91,3476.0,Total
Fatehpur,2019,1.72,6.88,3988.0,Total
Fatehpur,2020,1.79,7.11,,Total
Fatehpur,2021,1.73,6.58,3796.0,Total
Fatehpur,2022,1.79,6.56,3660.0,Total
Fatehpur,2023,1.72,6.46,3759.0,Total
Fatehpur,2024,2.07,7.55,3644.0,Total
Fatehpur,2025,1.71,5.75,3359.0,Total
Firozabad,2006,1.0,3.1,3102.0,Total
Firozabad,2007,1.05,3.09,2935.0,Total
Firozabad,2008,0.95,3.12,3284.0,Total
Firozabad,2009,0.88,3.04,3455.0,Total
Firozabad,2010,1.06,3.56,3364.0,Total
Firozabad,2011,1.02,3.71,3645.0,Total
Firozabad,2012,1.04,3.77,3611.0,Total
Firozabad,2013,0.99,3.69,3707.0,Total
Firozabad,2014,0.97,3.49,3610.0,Total
Firozabad,2015,0.98,1.88,1924.0,Total
Firozabad,2016,0.98,3.23,3287.0,Total
Firozabad,2017,1.02,3.85,3795.0,Total
Firozabad,2018,0.96,3.26,3395.0,Total
Firozabad,2019,0.93,3.5,3768.0,Total
Firozabad,2020,1.02,4.13,,Total
Firozabad,2021,1.01,4.16,4138.0,Total
Firozabad,2022,1.04,3.68,3534.0,Total
Firozabad,2023,1.01,4.28,4234.0,Total
Firozabad,2024,0.86,3.44,3998.0,Total
Firozabad,2025,0.93,3.51,3766.0,Total
Gautam Buddha Nagar,2006,0.66,1.96,2954.0,Total
Gautam Buddha Nagar,2007,0.63,1.81,2879.0,Total
Gautam Buddha Nagar,2008,0.64,2.04,3170.0,Total
Gautam Buddha Nagar,2009,0.56,1.95,3477.0,Total
Gautam Buddha Nagar,2010,0.51,1.84,3579.0,Total
Gautam Buddha Nagar,2011,0.56,2.1,3731.0,Total
Gautam Buddha Nagar,2012,0.55,2.05,3752.0,Total
Gautam Buddha Nagar,2013,0.46,1.79,3888.0,Total
Gautam Buddha Nagar,2014,0.46,1.93,4178.0,Total
Gautam Buddha Nagar,2015,0.4,0.86,2146.0,Total
Gautam Buddha Nagar,2016,0.44,1.52,3423.0,Total
Gautam Buddha Nagar,2017,0.44,1.8,4081.0,Total
Gautam Buddha Nagar,2018,0.41,1.61,3902.0,Total
Gautam Buddha Nagar,2019,0.45,1.86,4138.0,Total
Gautam Buddha Nagar,2020,0.45,1.89,,Total
Gautam Buddha Nagar,2021,0.44,1.78,4017.0,Total
Gautam Buddha Nagar,2022,0.46,1.77,3849.0,Total
Gautam Buddha Nagar,2023,0.45,1.81,4058.0,Total
Gautam Buddha Nagar,2024,0.32,1.34,4172.0,Total
Gautam Buddha Nagar,2025,0.51,2.01,3962.0,Total
Ghaziabad,2006,0.91,3.19,3523.0,Total
Ghaziabad,2007,0.72,2.88,4014.0,Total
Ghaziabad,2008,0.71,2.55,3591.0,Total
Ghaziabad,2009,0.76,3.04,4026.0,Total
Ghaziabad,2010,0.76,2.68,3521.0,Total
Ghaziabad,2011,0.76,3.18,4161.0,Total
Ghaziabad,2012,0.75,3.3,4366.0,Total
Ghaziabad,2013,0.28,1.24,4377.0,Total
Ghaziabad,2014,0.28,1.16,4109.0,Total
Ghaziabad,2015,0.27,0.87,3255.0,Total
Ghaziabad,2016,0.27,0.98,3610.0,Total
Ghaziabad,2017,0.28,1.17,4164.0,Total
Ghaziabad,2018,0.28,1.12,4032.0,Total
Ghaziabad,2019,0.29,1.22,4253.0,Total
Ghaziabad,2020,0.29,1.21,,Total
Ghaziabad,2021,0.28,1.2,4266.0,Total
Ghaziabad,2022,0.3,1.25,4199.0,Total
Ghaziabad,2023,0.28,1.13,3975.0,Total
Ghaziabad,2024,0.23,1.01,4342.0,Total
Ghaziabad,2025,0.27,1.02,3773.0,Total
Ghazipur,2006,1.67,3.67,2198.0,Total
Ghazipur,2007,1.66,4.04,2427.0,Total
Ghazipur,2008,1.68,4.06,2421.0,Total
Ghazipur,2009,1.74,4.62,2660.0,Total
Ghazipur,2010,1.7,3.95,2327.0,Total
Ghazipur,2011,1.71,4.62,2699.0,Total
Ghazipur,2012,1.73,4.86,2811.0,Total
Ghazipur,2013,1.75,5.02,2873.0,Total
Ghazipur,2014,1.74,4.57,2626.0,Total
Ghazipur,2015,1.75,3.09,1766.0,Total
Ghazipur,2016,1.93,4.61,2386.0,Total
Ghazipur,2017,1.8,5.78,3209.0,Total
Ghazipur,2018,1.66,4.94,2973.0,Total
Ghazipur,2019,1.7,5.61,3296.0,Total
Ghazipur,2020,1.85,6.36,,Total
Ghazipur,2021,1.83,6.38,3483.0,Total
Ghazipur,2022,1.81,7.01,3882.0,Total
Ghazipur,2023,1.88,6.76,3597.0,Total
Ghazipur,2024,1.95,7.19,3687.0,Total
Ghazipur,2025,1.71,6.5,3806.0,Total
Gonda,2006,1.63,4.06,2491.0,Total
Gonda,2007,1.57,4.29,2736.0,Total
Gonda,2008,1.5,4.17,2778.0,Total
Gonda,2009,1.47,4.29,2913.0,Total
Gonda,2010,1.59,4.33,2720.0,Total
Gonda,2011,1.6,4.69,2931.0,Total
Gonda,2012,1.61,4.84,3005.0,Total
Gonda,2013,1.56,4.54,2914.0,Total
Gonda,2014,1.53,4.57,2981.0,Total
Gonda,2015,1.55,4.02,2593.0,Total
Gonda,2016,1.58,4.37,2766.0,Total
Gonda,2017,1.56,4.83,3096.0,Total
Gonda,2018,1.54,4.64,3004.0,Total
Gonda,2019,1.47,4.63,3150.0,Total
Gonda,2020,1.55,5.1,,Total
Gonda,2021,1.55,5.19,3355.0,Total
Gonda,2022,1.6,5.25,3275.0,Total
Gonda,2023,1.53,4.89,3188.0,Total
Gonda,2024,1.37,4.72,3435.0,Total
Gonda,2025,1.42,5.25,3688.0,Total
Gorakhpur,2006,1.87,4.11,2192.0,Total
Gorakhpur,2007,1.84,4.65,2525.0,Total
Gorakhpur,2008,1.87,5.13,2749.0,Total
Gorakhpur,2009,1.88,5.12,2721.0,Total
Gorakhpur,2010,1.89,5.01,2650.0,Total
Gorakhpur,2011,1.9,5.57,2927.0,Total
Gorakhpur,2012,1.89,5.79,3061.0,Total
Gorakhpur,2013,1.9,5.92,3114.0,Total
Gorakhpur,2014,1.91,6.19,3247.0,Total
Gorakhpur,2015,1.9,3.31,1742.0,Total
Gorakhpur,2016,1.91,4.25,2228.0,Total
Gorakhpur,2017,1.91,6.98,3645.0,Total
Gorakhpur,2018,1.92,8.14,4236.0,Total
Gorakhpur,2019,1.82,7.3,4018.0,Total
Gorakhpur,2020,1.9,7.04,,Total
Gorakhpur,2021,1.91,7.14,3743.0,Total
Gorakhpur,2022,2.02,7.33,3630.0,Total
Gorakhpur,2023,1.97,7.42,3775.0,Total
Gorakhpur,2024,1.61,6.35,3930.0,Total
Gorakhpur,2025,1.73,6.93,4002.0,Total
Hamirpur,2006,0.75,1.75,2332.0,Total
Hamirpur,2007,0.82,1.68,2044.0,Total
Hamirpur,2008,0.64,1.18,1856.0,Total
Hamirpur,2009,0.99,2.44,2472.0,Total
Hamirpur,2010,0.89,2.25,2523.0,Total
Hamirpur,2011,0.95,2.55,2672.0,Total
Hamirpur,2012,0.91,2.66,2906.0,Total
Hamirpur,2013,1.13,3.23,2848.0,Total
Hamirpur,2014,1.11,2.99,2683.0,Total
Hamirpur,2015,1.13,1.72,1518.0,Total
Hamirpur,2016,0.97,1.71,1752.0,Total
Hamirpur,2017,1.35,4.1,3036.0,Total
Hamirpur,2018,1.13,3.54,3130.0,Total
Hamirpur,2019,1.13,3.64,3210.0,Total
Hamirpur,2020,1.11,3.65,,Total
Hamirpur,2021,1.1,3.54,3211.0,Total
Hamirpur,2022,1.18,3.78,3214.0,Total
Hamirpur,2023,1.44,4.62,3217.0,Total
Hamirpur,2024,1.29,4.28,3329.0,Total
Hamirpur,2025,1.36,4.51,3312.0,Total
Hapur,2013,0.44,2.08,4759.0,Total
Hapur,2014,0.42,1.97,4650.0,Total
Hapur,2015,0.45,1.37,3064.0,Total
Hapur,2016,0.42,1.61,3840.0,Total
Hapur,2017,0.42,1.87,4423.0,Total
Hapur,2018,0.43,1.77,4154.0,Total
Hapur,2019,0.42,1.78,4217.0,Total
Hapur,2020,0.42,1.89,,Total
Hapur,2021,0.43,1.82,4181.0,Total
Hapur,2022,0.45,1.98,4375.0,Total
Hapur,2023,0.41,1.74,4242.0,Total
Hapur,2024,0.34,1.55,4556.0,Total
Hapur,2025,0.41,1.56,3840.0,Total
Hardoi,2006,3.01,8.01,2664.0,Total
Hardoi,2007,3.08,9.23,3000.0,Total
Hardoi,2008,3.1,9.24,2985.0,Total
Hardoi,2009,3.26,10.09,3097.0,Total
Hardoi,2010,3.31,10.2,3085.0,Total
Hardoi,2011,3.42,11.4,3336.0,Total
Hardoi,2012,3.28,11.76,3586.0,Total
Hardoi,2013,3.28,10.42,3178.0,Total
Hardoi,2014,3.18,11.31,3553.0,Total
Hardoi,2015,3.26,7.19,2205.0,Total
Hardoi,2016,3.27,9.8,3001.0,Total
Hardoi,2017,3.14,11.43,3636.0,Total
Hardoi,2018,3.14,11.55,3674.0,Total
Hardoi,2019,3.12,11.59,3718.0,Total
Hardoi,2020,3.15,11.26,,Total
Hardoi,2021,3.2,12.0,3745.0,Total
Hardoi,2022,3.29,12.48,3792.0,Total
Hardoi,2023,3.06,11.97,3913.0,Total
Hardoi,2024,2.92,10.89,3733.0,Total
Hardoi,2025,3.07,11.37,3699.0,Total
Hathras,2006,0.82,2.55,3127.0,Total
Hathras,2007,0.85,2.38,2790.0,Total
Hathras,2008,0.83,2.54,3075.0,Total
Hathras,2009,0.78,2.27,2911.0,Total
Hathras,2010,0.86,2.38,2779.0,Total
Hathras,2011,0.8,2.43,3031.0,Total
Hathras,2012,0.87,2.91,3361.0,Total
Hathras,2013,0.77,2.76,3586.0,Total
Hathras,2014,0.79,3.09,3899.0,Total
Hathras,2015,0.82,1.92,2337.0,Total
Hathras,2016,0.76,2.65,3495.0,Total
Hathras,2017,0.79,3.2,4066.0,Total
Hathras,2018,0.83,3.12,3778.0,Total
Hathras,2019,0.81,3.36,4144.0,Total
Hathras,2020,0.83,3.31,,Total
Hathras,2021,0.82,3.38,4096.0,Total
Hathras,2022,0.86,3.4,3968.0,Total
Hathras,2023,0.79,3.17,4028.0,Total
Hathras,2024,0.72,2.84,3921.0,Total
Hathras,2025,0.68,2.69,3958.0,Total
Jalaun,2006,1.21,3.72,3074.0,Total
Jalaun,2007,1.16,3.28,2816.0,Total
Jalaun,2008,1.04,1.75,1686.0,Total
Jalaun,2009,1.58,4.99,3157.0,Total
Jalaun,2010,1.44,4.01,2795.0,Total
Jalaun,2011,1.35,4.32,3196.0,Total
Jalaun,2012,1.42,4.77,3360.0,Total
Jalaun,2013,1.45,4.67,3212.0,Total
Jalaun,2014,1.49,4.45,2980.0,Total
Jalaun,2015,1.55,2.06,1330.0,Total
Jalaun,2016,1.59,2.98,1880.0,Total
Jalaun,2017,1.47,5.48,3716.0,Total
Jalaun,2018,1.6,5.81,3624.0,Total
Jalaun,2019,1.44,5.34,3714.0,Total
Jalaun,2020,1.49,5.56,,Total
Jalaun,2021,1.44,5.32,3685.0,Total
Jalaun,2022,1.36,4.65,3425.0,Total
Jalaun,2023,1.63,5.84,3578.0,Total
Jalaun,2024,1.81,6.86,3792.0,Total
Jalaun,2025,1.59,6.04,3790.0,Total
Jaunpur,2006,1.75,4.17,2384.0,Total
Jaunpur,2007,1.93,5.19,2683.0,Total
Jaunpur,2008,1.97,5.21,2647.0,Total
Jaunpur,2009,1.88,5.38,2859.0,Total
Jaunpur,2010,2.01,5.48,2721.0,Total
Jaunpur,2011,2.08,5.94,2853.0,Total
Jaunpur,2012,2.06,6.55,3183.0,Total
Jaunpur,2013,2.1,6.55,3113.0,Total
Jaunpur,2014,2.11,6.03,2862.0,Total
Jaunpur,2015,2.09,4.05,1936.0,Total
Jaunpur,2016,2.19,5.83,2661.0,Total
Jaunpur,2017,2.07,6.68,3230.0,Total
Jaunpur,2018,2.08,7.35,3540.0,Total
Jaunpur,2019,2.11,7.84,3711.0,Total
Jaunpur,2020,2.11,7.58,,Total
Jaunpur,2021,2.09,7.74,3698.0,Total
Jaunpur,2022,2.18,8.73,4001.0,Total
Jaunpur,2023,2.15,8.57,3986.0,Total
Jaunpur,2024,1.93,7.86,4068.0,Total
Jaunpur,2025,2.02,7.92,3922.0,Total
Jhansi,2006,1.27,2.63,2074.0,Total
Jhansi,2007,1.13,2.35,2081.0,Total
Jhansi,2008,1.01,1.92,1896.0,Total
Jhansi,2009,1.17,3.18,2722.0,Total
Jhansi,2010,1.29,3.19,2478.0,Total
Jhansi,2011,1.42,3.84,2699.0,Total
Jhansi,2012,1.79,5.59,3129.0,Total
Jhansi,2013,1.56,4.35,2784.0,Total
Jhansi,2014,1.53,2.35,1535.0,Total
Jhansi,2015,1.55,1.84,1184.0,Total
Jhansi,2016,1.6,3.38,2116.0,Total
Jhansi,2017,1.68,5.15,3071.0,Total
Jhansi,2018,1.5,3.94,2633.0,Total
Jhansi,2019,1.83,5.96,3258.0,Total
Jhansi,2020,1.49,5.09,,Total
Jhansi,2021,1.53,4.64,3027.0,Total
Jhansi,2022,1.32,4.48,3385.0,Total
Jhansi,2023,1.39,4.79,3434.0,Total
Jhansi,2024,1.92,6.34,3307.0,Total
Jhansi,2025,1.69,5.74,3393.0,Total
Kannauj,2006,0.75,2.52,3347.0,Total
Kannauj,2007,0.74,2.59,3489.0,Total
Kannauj,2008,0.73,2.55,3483.0,Total
Kannauj,2009,0.75,2.69,3578.0,Total
Kannauj,2010,0.72,2.51,3460.0,Total
Kannauj,2011,0.74,2.63,3571.0,Total
Kannauj,2012,0.74,2.77,3738.0,Total
Kannauj,2013,0.7,2.69,3836.0,Total
Kannauj,2014,0.78,2.97,3830.0,Total
Kannauj,2015,0.77,1.08,1409.0,Total
Kannauj,2016,0.71,2.29,3250.0,Total
Kannauj,2017,0.81,3.33,4119.0,Total
Kannauj,2018,0.76,3.42,4533.0,Total
Kannauj,2019,0.78,3.59,4600.0,Total
Kannauj,2020,0.78,3.48,,Total
Kannauj,2021,0.76,3.15,4139.0,Total
Kannauj,2022,0.79,3.06,3854.0,Total
Kannauj,2023,0.65,2.61,3988.0,Total
Kannauj,2024,0.62,2.54,4130.0,Total
Kannauj,2025,0.6,2.75,4548.0,Total
Kanpur Dehat,2006,1.0,3.05,3059.0,Total
Kanpur Dehat,2007,1.12,3.86,3440.0,Total
Kanpur Dehat,2008,1.19,3.94,3306.0,Total
Kanpur Dehat,2009,1.18,4.38,3697.0,Total
Kanpur Dehat,2010,1.19,4.12,3460.0,Total
Kanpur Dehat,2011,1.11,4.36,3908.0,Total
Kanpur Dehat,2012,1.23,4.87,3961.0,Total
Kanpur Dehat,2013,1.21,4.36,3616.0,Total
Kanpur Dehat,2014,1.28,4.57,3588.0,Total
Kanpur Dehat,2015,1.22,2.04,1667.0,Total
Kanpur Dehat,2016,1.24,3.73,3012.0,Total
Kanpur Dehat,2017,1.21,5.56,4588.0,Total
Kanpur Dehat,2018,1.21,5.17,4282.0,Total
Kanpur Dehat,2019,1.21,5.35,4431.0,Total
Kanpur Dehat,2020,1.22,5.21,,Total
Kanpur Dehat,2021,1.22,4.98,4072.0,Total
Kanpur Dehat,2022,1.25,4.76,3794.0,Total
Kanpur Dehat,2023,1.25,5.04,4042.0,Total
Kanpur Dehat,2024,1.56,6.64,4265.0,Total
Kanpur Dehat,2025,1.38,6.11,4438.0,Total
Kanpur Nagar,2006,0.9,2.51,2796.0,Total
Kanpur Nagar,2007,0.9,2.7,3011.0,Total
Kanpur Nagar,2008,1.0,2.66,2668.0,Total
Kanpur Nagar,2009,1.02,2.98,2935.0,Total
Kanpur Nagar,2010,1.0,2.95,2947.0,Total
Kanpur Nagar,2011,1.02,3.53,3480.0,Total
Kanpur Nagar,2012,1.03,3.57,3464.0,Total
Kanpur Nagar,2013,1.07,3.8,3558.0,Total
Kanpur Nagar,2014,1.03,3.95,3845.0,Total
Kanpur Nagar,2015,1.03,1.55,1510.0,Total
Kanpur Nagar,2016,1.02,2.16,2124.0,Total
Kanpur Nagar,2017,1.04,4.24,4065.0,Total
Kanpur Nagar,2018,1.06,4.09,3854.0,Total
Kanpur Nagar,2019,1.04,4.32,4166.0,Total
Kanpur Nagar,2020,1.03,4.18,,Total
Kanpur Nagar,2021,1.03,4.07,3948.0,Total
Kanpur Nagar,2022,1.07,3.71,3477.0,Total
Kanpur Nagar,2023,1.04,4.07,3921.0,Total
Kanpur Nagar,2024,1.02,3.82,3731.0,Total
Kanpur Nagar,2025,1.07,4.5,4225.0,Total
Kasganj,2010,0.95,2.79,2951.0,Total
Kasganj,2011,0.94,3.19,3399.0,Total
Kasganj,2012,0.95,3.46,3636.0,Total
Kasganj,2013,0.94,3.2,3400.0,Total
Kasganj,2014,0.97,3.43,3523.0,Total
Kasganj,2015,0.99,2.29,2326.0,Total
Kasganj,2016,0.97,2.99,3084.0,Total
Kasganj,2017,0.96,3.57,3713.0,Total
Kasganj,2018,0.94,3.75,3974.0,Total
Kasganj,2019,0.97,4.15,4264.0,Total
Kasganj,2020,0.95,3.74,,Total
Kasganj,2021,0.95,3.6,3805.0,Total
Kasganj,2022,0.97,3.79,3913.0,Total
Kasganj,2023,0.98,4.07,4142.0,Total
Kasganj,2024,1.02,3.96,3891.0,Total
Kasganj,2025,0.94,3.59,3811.0,Total
Kaushambi,2006,0.66,1.37,2084.0,Total
Kaushambi,2007,0.69,1.49,2177.0,Total
Kaushambi,2008,0.64,1.32,2079.0,Total
Kaushambi,2009,0.69,1.81,2601.0,Total
Kaushambi,2010,0.71,1.68,2381.0,Total
Kaushambi,2011,0.72,1.93,2693.0,Total
Kaushambi,2012,0.73,2.1,2889.0,Total
Kaushambi,2013,0.76,2.2,2903.0,Total
Kaushambi,2014,0.66,1.62,2430.0,Total
Kaushambi,2015,0.71,1.08,1530.0,Total
Kaushambi,2016,0.74,1.62,2176.0,Total
Kaushambi,2017,0.75,2.46,3285.0,Total
Kaushambi,2018,0.73,2.31,3171.0,Total
Kaushambi,2019,0.77,2.69,3494.0,Total
Kaushambi,2020,0.74,2.31,,Total
Kaushambi,2021,0.76,2.5,3306.0,Total
Kaushambi,2022,0.78,2.61,3360.0,Total
Kaushambi,2023,0.8,2.91,3651.0,Total
Kaushambi,2024,0.81,2.77,3423.0,Total
Kaushambi,2025,0.8,3.51,4367.0,Total
Kushinagar,2006,1.12,2.15,1921.0,Total
Kushinagar,2007,1.18,3.3,2794.0,Total
Kushinagar,2008,1.08,3.32,3083.0,Total
Kushinagar,2009,1.15,3.3,2866.0,Total
Kushinagar,2010,1.16,3.03,2614.0,Total
Kushinagar,2011,1.19,3.46,2904.0,Total
Kushinagar,2012,1.14,3.43,3017.0,Total
Kushinagar,2013,1.14,3.31,2905.0,Total
Kushinagar,2014,1.16,3.52,3040.0,Total
Kushinagar,2015,1.17,1.94,1664.0,Total
Kushinagar,2016,1.17,2.74,2336.0,Total
Kushinagar,2017,1.18,3.51,2982.0,Total
Kushinagar,2018,1.18,4.12,3503.0,Total
Kushinagar,2019,1.2,3.84,3193.0,Total
Kushinagar,2020,1.19,4.42,,Total
Kushinagar,2021,1.18,4.42,3743.0,Total
Kushinagar,2022,1.21,4.57,3763.0,Total
Kushinagar,2023,1.22,4.5,3697.0,Total
Kushinagar,2024,1.08,3.91,3614.0,Total
Kushinagar,2025,1.12,4.3,3839.0,Total
Lakhimpur Kheri,2006,2.01,5.56,2760.0,Total
Lakhimpur Kheri,2007,1.91,5.75,3020.0,Total
Lakhimpur Kheri,2008,2.0,6.39,3188.0,Total
Lakhimpur Kheri,2009,1.93,6.5,3364.0,Total
Lakhimpur Kheri,2010,2.02,6.01,2967.0,Total
Lakhimpur Kheri,2011,1.91,6.52,3414.0,Total
Lakhimpur Kheri,2012,1.97,6.72,3405.0,Total
Lakhimpur Kheri,2013,1.84,6.4,3482.0,Total
Lakhimpur Kheri,2014,1.96,7.05,3607.0,Total
Lakhimpur Kheri,2015,1.86,4.98,2681.0,Total
Lakhimpur Kheri,2016,1.77,5.99,3393.0,Total
Lakhimpur Kheri,2017,1.92,7.28,3782.0,Total
Lakhimpur Kheri,2018,1.89,7.76,4112.0,Total
Lakhimpur Kheri,2019,1.98,8.42,4251.0,Total
Lakhimpur Kheri,2020,1.95,8.26,,Total
Lakhimpur Kheri,2021,1.95,8.02,4112.0,Total
Lakhimpur Kheri,2022,2.02,8.28,4094.0,Total
Lakhimpur Kheri,2023,1.94,7.98,4123.0,Total
Lakhimpur Kheri,2024,1.59,6.33,3976.0,Total
Lakhimpur Kheri,2025,1.82,7.28,3993.0,Total
Lalitpur,2006,0.93,1.52,1628.0,Total
Lalitpur,2007,0.97,1.8,1865.0,Total
Lalitpur,2008,0.62,0.98,1579.0,Total
Lalitpur,2009,1.11,2.31,2091.0,Total
Lalitpur,2010,1.17,2.79,2394.0,Total
Lalitpur,2011,1.26,2.96,2357.0,Total
Lalitpur,2012,1.63,4.24,2605.0,Total
Lalitpur,2013,1.63,4.38,2681.0,Total
Lalitpur,2014,1.79,3.73,2088.0,Total
Lalitpur,2015,1.73,3.68,2122.0,Total
Lalitpur,2016,1.42,2.46,1738.0,Total
Lalitpur,2017,1.71,5.26,3065.0,Total
Lalitpur,2018,1.53,4.24,2780.0,Total
Lalitpur,2019,1.88,6.42,3411.0,Total
Lalitpur,2020,1.71,5.48,,Total
Lalitpur,2021,1.71,5.35,3122.0,Total
Lalitpur,2022,1.71,6.21,3619.0,Total
Lalitpur,2023,1.71,6.24,3650.0,Total
Lalitpur,2024,1.87,6.66,3568.0,Total
Lalitpur,2025,1.72,5.83,3401.0,Total
Lucknow,2006,0.82,1.94,2369.0,Total
Lucknow,2007,0.84,2.24,2670.0,Total
Lucknow,2008,0.83,2.14,2580.0,Total
Lucknow,2009,0.84,2.29,2730.0,Total
Lucknow,2010,0.85,2.27,2662.0,Total
Lucknow,2011,0.84,2.36,2828.0,Total
Lucknow,2012,0.82,2.22,2704.0,Total
Lucknow,2013,0.83,2.39,2872.0,Total
Lucknow,2014,0.81,2.42,2972.0,Total
Lucknow,2015,0.79,1.45,1822.0,Total
Lucknow,2016,0.79,1.76,2243.0,Total
Lucknow,2017,0.81,2.29,2842.0,Total
Lucknow,2018,0.82,2.66,3263.0,Total
Lucknow,2019,0.79,2.85,3605.0,Total
Lucknow,2020,0.83,2.57,,Total
Lucknow,2021,0.81,2.75,3392.0,Total
Lucknow,2022,0.85,3.02,3541.0,Total
Lucknow,2023,0.81,2.83,3498.0,Total
Lucknow,2024,0.36,1.29,3581.0,Total
Lucknow,2025,0.72,2.4,3310.0,Total
Maharajganj,2006,1.43,2.03,1417.0,Total
Maharajganj,2007,1.44,4.0,2781.0,Total
Maharajganj,2008,1.5,4.44,2969.0,Total
Maharajganj,2009,1.47,4.13,2818.0,Total
Maharajganj,2010,1.47,4.33,2941.0,Total
Maharajganj,2011,1.51,4.79,3178.0,Total
Maharajganj,2012,1.49,4.91,3286.0,Total
Maharajganj,2013,1.54,5.11,3310.0,Total
Maharajganj,2014,1.49,5.0,3360.0,Total
Maharajganj,2015,1.52,3.61,2373.0,Total
Maharajganj,2016,1.53,4.59,2996.0,Total
Maharajganj,2017,1.49,5.25,3528.0,Total
Maharajganj,2018,1.45,5.16,3546.0,Total
Maharajganj,2019,1.48,6.1,4130.0,Total
Maharajganj,2020,1.49,6.01,,Total
Maharajganj,2021,1.5,5.61,3745.0,Total
Maharajganj,2022,1.55,5.51,3554.0,Total
Maharajganj,2023,1.49,5.5,3695.0,Total
Maharajganj,2024,1.38,5.16,3754.0,Total
Maharajganj,2025,1.31,4.83,3699.0,Total
Mahoba,2006,0.64,0.75,1159.0,Total
Mahoba,2007,0.69,0.91,1325.0,Total
Mahoba,2008,0.15,0.09,570.0,Total
Mahoba,2009,0.37,0.77,2082.0,Total
Mahoba,2010,0.66,1.03,1558.0,Total
Mahoba,2011,0.62,0.77,1238.0,Total
Mahoba,2012,0.63,1.16,1842.0,Total
Mahoba,2013,0.71,1.41,1978.0,Total
Mahoba,2014,0.75,1.29,1725.0,Total
Mahoba,2015,0.7,0.68,976.0,Total
Mahoba,2016,0.24,0.19,787.0,Total
Mahoba,2017,0.74,1.88,2529.0,Total
Mahoba,2018,0.48,0.87,1791.0,Total
Mahoba,2019,0.82,2.31,2816.0,Total
Mahoba,2020,0.84,2.43,,Total
Mahoba,2021,0.72,1.94,2708.0,Total
Mahoba,2022,0.8,2.27,2841.0,Total
Mahoba,2023,0.78,3.09,3940.0,Total
Mahoba,2024,0.82,3.13,3816.0,Total
Mahoba,2025,0.77,2.43,3160.0,Total
Mainpuri,2006,1.02,3.28,3205.0,Total
Mainpuri,2007,1.19,3.56,2985.0,Total
Mainpuri,2008,1.43,4.51,3157.0,Total
Mainpuri,2009,1.47,4.91,3347.0,Total
Mainpuri,2010,1.44,4.68,3253.0,Total
Mainpuri,2011,1.61,5.6,3486.0,Total
Mainpuri,2012,1.61,6.04,3739.0,Total
Mainpuri,2013,1.53,5.49,3597.0,Total
Mainpuri,2014,1.53,5.81,3788.0,Total
Mainpuri,2015,1.5,3.49,2331.0,Total
Mainpuri,2016,1.62,5.39,3332.0,Total
Mainpuri,2017,1.5,6.01,4015.0,Total
Mainpuri,2018,1.51,6.66,4418.0,Total
Mainpuri,2019,1.53,6.79,4441.0,Total
Mainpuri,2020,1.5,6.35,,Total
Mainpuri,2021,1.5,6.38,4249.0,Total
Mainpuri,2022,1.57,6.05,3857.0,Total
Mainpuri,2023,1.5,6.01,4010.0,Total
Mainpuri,2024,1.48,6.16,4170.0,Total
Mainpuri,2025,1.34,4.96,3712.0,Total
Mathura,2006,1.98,6.54,3298.0,Total
Mathura,2007,1.89,5.38,2850.0,Total
Mathura,2008,1.72,6.29,3650.0,Total
Mathura,2009,1.8,6.9,3826.0,Total
Mathura,2010,1.91,6.16,3222.0,Total
Mathura,2011,1.93,7.22,3749.0,Total
Mathura,2012,1.93,7.12,3689.0,Total
Mathura,2013,1.97,7.36,3736.0,Total
Mathura,2014,1.94,6.78,3486.0,Total
Mathura,2015,1.94,4.08,2100.0,Total
Mathura,2016,1.79,6.18,3453.0,Total
Mathura,2017,1.94,7.97,4104.0,Total
Mathura,2018,2.0,7.04,3515.0,Total
Mathura,2019,2.04,8.5,4174.0,Total
Mathura,2020,1.96,5.57,,Total
Mathura,2021,2.03,7.13,3513.0,Total
Mathura,2022,2.03,7.09,3490.0,Total
Mathura,2023,1.94,6.96,3583.0,Total
Mathura,2024,1.76,6.87,3892.0,Total
Mathura,2025,1.69,6.27,3717.0,Total
Mau,2006,0.88,2.09,2374.0,Total
Mau,2007,0.88,2.13,2432.0,Total
Mau,2008,0.89,2.29,2572.0,Total
Mau,2009,0.94,2.59,2755.0,Total
Mau,2010,0.95,2.27,2400.0,Total
Mau,2011,0.93,2.63,2823.0,Total
Mau,2012,0.95,2.84,2998.0,Total
Mau,2013,0.95,3.15,3322.0,Total
Mau,2014,0.94,2.86,3053.0,Total
Mau,2015,0.95,1.98,2087.0,Total
Mau,2016,0.93,2.33,2503.0,Total
Mau,2017,0.95,3.16,3331.0,Total
Mau,2018,0.95,3.53,3701.0,Total
Mau,2019,0.96,3.68,3849.0,Total
Mau,2020,0.95,3.29,,Total
Mau,2021,0.95,3.57,3770.0,Total
Mau,2022,0.99,3.65,3700.0,Total
Mau,2023,0.94,3.23,3429.0,Total
Mau,2024,0.84,2.81,3343.0,Total
Mau,2025,0.92,3.24,3505.0,Total
Meerut,2006,0.79,2.85,3608.0,Total
Meerut,2007,0.81,3.03,3722.0,Total
Meerut,2008,0.78,2.88,3703.0,Total
Meerut,2009,0.88,3.15,3586.0,Total
Meerut,2010,0.82,2.99,3667.0,Total
Meerut,2011,0.81,3.31,4080.0,Total
Meerut,2012,0.78,3.3,4209.0,Total
Meerut,2013,0.78,3.23,4130.0,Total
Meerut,2014,0.77,3.28,4292.0,Total
Meerut,2015,0.76,2.45,3223.0,Total
Meerut,2016,0.75,3.09,4088.0,Total
Meerut,2017,0.76,3.32,4363.0,Total
Meerut,2018,0.76,3.3,4365.0,Total
Meerut,2019,0.8,3.73,4664.0,Total
Meerut,2020,0.75,3.4,,Total
Meerut,2021,0.79,3.63,4566.0,Total
Meerut,2022,0.81,3.39,4180.0,Total
Meerut,2023,0.78,3.33,4282.0,Total
Meerut,2024,0.62,2.59,4210.0,Total
Meerut,2025,0.72,2.93,4049.0,Total
Mirzapur,2006,0.78,1.25,1591.0,Total
Mirzapur,2007,1.01,2.06,2035.0,Total
Mirzapur,2008,0.9,1.72,1904.0,Total
Mirzapur,2009,0.95,1.87,1972.0,Total
Mirzapur,2010,0.94,1.87,1991.0,Total
Mirzapur,2011,0.97,2.25,2315.0,Total
Mirzapur,2012,0.98,2.41,2458.0,Total
Mirzapur,2013,0.97,2.54,2623.0,Total
Mirzapur,2014,0.98,2.48,2547.0,Total
Mirzapur,2015,0.98,1.75,1777.0,Total
Mirzapur,2016,0.91,1.61,1773.0,Total
Mirzapur,2017,0.99,2.75,2794.0,Total
Mirzapur,2018,0.95,2.79,2948.0,Total
Mirzapur,2019,0.97,3.04,3146.0,Total
Mirzapur,2020,0.96,2.33,,Total
Mirzapur,2021,0.98,3.2,3277.0,Total
Mirzapur,2022,1.01,3.52,3502.0,Total
Mirzapur,2023,1.43,4.79,3338.0,Total
Mirzapur,2024,1.09,3.5,3218.0,Total
Mirzapur,2025,1.22,4.16,3421.0,Total
Moradabad,2006,2.0,5.6,2807.0,Total
Moradabad,2007,1.95,5.93,3035.0,Total
Moradabad,2008,2.06,6.05,2938.0,Total
Moradabad,2009,2.0,6.47,3225.0,Total
Moradabad,2010,2.05,6.12,2988.0,Total
Moradabad,2011,1.96,6.13,3126.0,Total
Moradabad,2012,1.94,6.16,3180.0,Total
Moradabad,2013,1.18,3.63,3066.0,Total
Moradabad,2014,1.22,3.94,3232.0,Total
Moradabad,2015,1.22,1.97,1611.0,Total
Moradabad,2016,1.22,3.76,3084.0,Total
Moradabad,2017,1.19,4.18,3513.0,Total
Moradabad,2018,1.23,4.56,3701.0,Total
Moradabad,2019,1.15,4.61,4001.0,Total
Moradabad,2020,1.25,4.71,,Total
Moradabad,2021,1.22,5.28,4331.0,Total
Moradabad,2022,1.27,5.27,4155.0,Total
Moradabad,2023,1.21,5.07,4181.0,Total
Moradabad,2024,1.09,4.46,4081.0,Total
Moradabad,2025,1.14,4.54,3987.0,Total
Muzaffarnagar,2006,1.24,4.16,3358.0,Total
Muzaffarnagar,2007,1.26,4.08,3239.0,Total
Muzaffarnagar,2008,1.31,4.3,3293.0,Total
Muzaffarnagar,2009,1.31,4.29,3284.0,Total
Muzaffarnagar,2010,1.34,4.59,3437.0,Total
Muzaffarnagar,2011,1.22,4.11,3376.0,Total
Muzaffarnagar,2012,1.34,5.26,3930.0,Total
Muzaffarnagar,2013,0.81,2.97,3648.0,Total
Muzaffarnagar,2014,0.75,2.79,3710.0,Total
Muzaffarnagar,2015,0.79,2.21,2809.0,Total
Muzaffarnagar,2016,0.83,2.96,3565.0,Total
Muzaffarnagar,2017,0.8,3.35,4171.0,Total
Muzaffarnagar,2018,0.86,3.41,3985.0,Total
Muzaffarnagar,2019,0.86,3.67,4247.0,Total
Muzaffarnagar,2020,0.81,3.24,,Total
Muzaffarnagar,2021,0.82,3.58,4335.0,Total
Muzaffarnagar,2022,0.86,3.39,3962.0,Total
Muzaffarnagar,2023,0.78,3.43,4395.0,Total
Muzaffarnagar,2024,0.66,2.78,4208.0,Total
Muzaffarnagar,2025,0.71,2.81,3960.0,Total
Pilibhit,2006,1.52,5.02,3295.0,Total
Pilibhit,2007,1.55,5.17,3326.0,Total
Pilibhit,2008,1.59,5.87,3696.0,Total
Pilibhit,2009,1.55,5.65,3642.0,Total
Pilibhit,2010,1.59,5.36,3379.0,Total
Pilibhit,2011,1.5,5.67,3786.0,Total
Pilibhit,2012,1.5,5.76,3829.0,Total
Pilibhit,2013,1.37,4.94,3611.0,Total
Pilibhit,2014,1.44,5.25,3661.0,Total
Pilibhit,2015,1.45,3.71,2565.0,Total
Pilibhit,2016,1.54,5.98,3877.0,Total
Pilibhit,2017,1.4,5.9,4200.0,Total
Pilibhit,2018,1.32,5.59,4237.0,Total
Pilibhit,2019,1.48,6.59,4442.0,Total
Pilibhit,2020,1.39,5.95,,Total
Pilibhit,2021,1.42,6.3,4449.0,Total
Pilibhit,2022,1.47,5.9,4009.0,Total
Pilibhit,2023,1.41,5.99,4237.0,Total
Pilibhit,2024,1.33,5.61,4207.0,Total
Pilibhit,2025,1.4,6.33,4509.0,Total
Pratapgarh,2006,1.44,2.94,2039.0,Total
Pratapgarh,2007,1.47,3.6,2444.0,Total
Pratapgarh,2008,1.49,3.45,2322.0,Total
Pratapgarh,2009,1.46,3.98,2719.0,Total
Pratapgarh,2010,1.45,3.45,2381.0,Total
Pratapgarh,2011,1.48,4.16,2812.0,Total
Pratapgarh,2012,1.49,4.37,2934.0,Total
Pratapgarh,2013,1.47,4.13,2816.0,Total
Pratapgarh,2014,1.48,4.16,2812.0,Total
Pratapgarh,2015,1.39,1.92,1385.0,Total
Pratapgarh,2016,1.7,3.71,2188.0,Total
Pratapgarh,2017,1.51,4.64,3080.0,Total
Pratapgarh,2018,1.48,4.7,3167.0,Total
Pratapgarh,2019,1.51,5.15,3420.0,Total
Pratapgarh,2020,1.48,5.08,,Total
Pratapgarh,2021,1.47,5.03,3417.0,Total
Pratapgarh,2022,1.54,5.09,3306.0,Total
Pratapgarh,2023,1.6,5.4,3367.0,Total
Pratapgarh,2024,1.59,5.16,3245.0,Total
Pratapgarh,2025,1.49,4.87,3272.0,Total
Rae Bareli,2006,1.85,3.8,2058.0,Total
Rae Bareli,2007,1.84,4.31,2342.0,Total
Rae Bareli,2008,1.79,4.18,2328.0,Total
Rae Bareli,2009,1.88,4.78,2547.0,Total
Rae Bareli,2010,1.89,4.73,2499.0,Total
Rae Bareli,2011,1.66,4.49,2697.0,Total
Rae Bareli,2012,1.32,3.8,2871.0,Total
Rae Bareli,2013,1.32,3.74,2836.0,Total
Rae Bareli,2014,1.35,4.0,2971.0,Total
Rae Bareli,2015,1.67,2.7,1614.0,Total
Rae Bareli,2016,1.68,3.3,1969.0,Total
Rae Bareli,2017,1.34,4.38,3277.0,Total
Rae Bareli,2018,1.32,4.45,3363.0,Total
Rae Bareli,2019,1.34,4.61,3446.0,Total
Rae Bareli,2020,1.33,4.48,,Total
Rae Bareli,2021,1.36,5.28,3899.0,Total
Rae Bareli,2022,1.4,4.51,3230.0,Total
Rae Bareli,2023,1.68,5.86,3487.0,Total
Rae Bareli,2024,1.86,6.24,3360.0,Total
Rae Bareli,2025,1.72,5.52,3212.0,Total
Rampur,2006,1.21,3.69,3045.0,Total
Rampur,2007,1.4,4.52,3223.0,Total
Rampur,2008,1.47,4.97,3381.0,Total
Rampur,2009,1.36,4.7,3465.0,Total
Rampur,2010,1.49,4.86,3270.0,Total
Rampur,2011,1.45,4.92,3397.0,Total
Rampur,2012,1.44,5.04,3499.0,Total
Rampur,2013,1.4,4.87,3472.0,Total
Rampur,2014,1.47,5.08,3450.0,Total
Rampur,2015,1.48,2.65,1790.0,Total
Rampur,2016,1.34,4.57,3423.0,Total
Rampur,2017,1.42,5.57,3920.0,Total
Rampur,2018,1.49,5.98,4008.0,Total
Rampur,2019,1.49,6.4,4298.0,Total
Rampur,2020,1.46,5.98,,Total
Rampur,2021,1.44,6.11,4234.0,Total
Rampur,2022,1.59,6.64,4185.0,Total
Rampur,2023,1.5,6.2,4122.0,Total
Rampur,2024,1.37,5.8,4237.0,Total
Rampur,2025,1.38,5.92,4281.0,Total
Saharanpur,2006,1.16,3.12,2685.0,Total
Saharanpur,2007,1.14,3.36,2939.0,Total
Saharanpur,2008,1.15,3.32,2885.0,Total
Saharanpur,2009,1.39,4.13,2963.0,Total
Saharanpur,2010,1.13,3.44,3052.0,Total
Saharanpur,2011,1.07,3.21,3000.0,Total
Saharanpur,2012,1.13,3.91,3476.0,Total
Saharanpur,2013,1.11,3.75,3389.0,Total
Saharanpur,2014,1.09,3.78,3465.0,Total
Saharanpur,2015,1.19,2.44,2055.0,Total
Saharanpur,2016,1.12,3.77,3355.0,Total
Saharanpur,2017,1.13,4.23,3757.0,Total
Saharanpur,2018,1.12,4.36,3894.0,Total
Saharanpur,2019,1.12,4.72,4217.0,Total
Saharanpur,2020,1.12,4.35,,Total
Saharanpur,2021,1.12,4.67,4159.0,Total
Saharanpur,2022,1.17,4.74,4067.0,Total
Saharanpur,2023,1.12,4.66,4167.0,Total
Saharanpur,2024,1.28,5.0,3921.0,Total
Saharanpur,2025,1.14,4.93,4322.0,Total
Sambhal,2013,1.4,4.51,3208.0,Total
Sambhal,2014,1.4,4.92,3521.0,Total
Sambhal,2015,1.43,2.84,1977.0,Total
Sambhal,2016,1.36,4.17,3070.0,Total
Sambhal,2017,1.36,4.77,3493.0,Total
Sambhal,2018,1.41,5.02,3572.0,Total
Sambhal,2019,1.4,5.64,4033.0,Total
Sambhal,2020,1.39,5.72,,Total
Sambhal,2021,1.39,5.68,4095.0,Total
Sambhal,2022,1.45,5.79,3997.0,Total
Sambhal,2023,1.38,5.68,4114.0,Total
Sambhal,2024,1.09,4.32,3979.0,Total
Sambhal,2025,1.33,5.19,3912.0,Total
Sant Kabir Nagar,2006,0.85,1.79,2117.0,Total
Sant Kabir Nagar,2007,0.9,2.22,2456.0,Total
Sant Kabir Nagar,2008,0.91,2.41,2639.0,Total
Sant Kabir Nagar,2009,0.93,2.51,2704.0,Total
Sant Kabir Nagar,2010,0.92,2.53,2757.0,Total
Sant Kabir Nagar,2011,0.91,2.52,2775.0,Total
Sant Kabir Nagar,2012,0.92,2.66,2908.0,Total
Sant Kabir Nagar,2013,0.92,2.74,2984.0,Total
Sant Kabir Nagar,2014,0.92,3.04,3299.0,Total
Sant Kabir Nagar,2015,0.91,2.24,2475.0,Total
Sant Kabir Nagar,2016,0.91,2.31,2542.0,Total
Sant Kabir Nagar,2017,0.92,3.1,3377.0,Total
Sant Kabir Nagar,2018,0.91,2.9,3205.0,Total
Sant Kabir Nagar,2019,0.91,3.07,3356.0,Total
Sant Kabir Nagar,2020,0.91,3.55,,Total
Sant Kabir Nagar,2021,0.91,3.77,4139.0,Total
Sant Kabir Nagar,2022,0.95,3.95,4140.0,Total
Sant Kabir Nagar,2023,1.05,4.23,4036.0,Total
Sant Kabir Nagar,2024,0.92,3.49,3808.0,Total
Sant Kabir Nagar,2025,1.01,3.79,3754.0,Total
Sant Ravi Das Nagar,2006,0.47,0.98,2062.0,Total
Sant Ravi Das Nagar,2007,0.38,0.93,2444.0,Total
Sant Ravi Das Nagar,2008,0.47,1.04,2197.0,Total
Sant Ravi Das Nagar,2009,0.47,1.22,2607.0,Total
Sant Ravi Das Nagar,2010,0.48,1.08,2234.0,Total
Sant Ravi Das Nagar,2011,0.45,1.28,2869.0,Total
Sant Ravi Das Nagar,2012,0.47,1.49,3143.0,Total
Sant Ravi Das Nagar,2013,0.48,1.37,2847.0,Total
Sant Ravi Das Nagar,2014,0.48,1.32,2730.0,Total
Sant Ravi Das Nagar,2015,0.48,0.74,1543.0,Total
Sant Ravi Das Nagar,2016,0.49,1.09,2219.0,Total
Sant Ravi Das Nagar,2017,0.47,1.56,3318.0,Total
Sant Ravi Das Nagar,2018,0.49,1.87,3806.0,Total
Sant Ravi Das Nagar,2019,0.49,1.86,3755.0,Total
Sant Ravi Das Nagar,2020,0.46,1.27,,Total
Sant Ravi Das Nagar,2021,0.48,1.73,3627.0,Total
Sant Ravi Das Nagar,2022,0.5,1.77,3558.0,Total
Sant Ravi Das Nagar,2023,0.49,1.37,2796.0,Total
Sant Ravi Das Nagar,2024,0.57,1.54,2712.0,Total
Sant Ravi Das Nagar,2025,0.48,1.66,3471.0,Total
Shahjahanpur,2006,2.47,8.65,3500.0,Total
Shahjahanpur,2007,2.53,8.69,3442.0,Total
Shahjahanpur,2008,2.49,8.96,3604.0,Total
Shahjahanpur,2009,2.54,9.15,3605.0,Total
Shahjahanpur,2010,2.59,9.27,3578.0,Total
Shahjahanpur,2011,2.5,8.99,3601.0,Total
Shahjahanpur,2012,2.47,9.4,3803.0,Total
Shahjahanpur,2013,2.64,9.59,3631.0,Total
Shahjahanpur,2014,2.55,9.35,3662.0,Total
Shahjahanpur,2015,2.6,5.17,1985.0,Total
Shahjahanpur,2016,2.53,8.89,3509.0,Total
Shahjahanpur,2017,2.51,10.54,4206.0,Total
Shahjahanpur,2018,2.48,9.9,3996.0,Total
Shahjahanpur,2019,2.72,12.17,4466.0,Total
Shahjahanpur,2020,2.56,11.14,,Total
Shahjahanpur,2021,2.53,11.27,4456.0,Total
Shahjahanpur,2022,2.67,11.93,4469.0,Total
Shahjahanpur,2023,2.32,10.07,4349.0,Total
Shahjahanpur,2024,2.35,10.38,4425.0,Total
Shahjahanpur,2025,2.26,10.06,4459.0,Total
Shamli,2013,0.5,1.88,3760.0,Total
Shamli,2014,0.46,1.74,3744.0,Total
Shamli,2015,0.49,1.49,3030.0,Total
Shamli,2016,0.53,2.17,4071.0,Total
Shamli,2017,0.49,2.09,4245.0,Total
Shamli,2018,0.5,2.28,4594.0,Total
Shamli,2019,0.49,2.22,4572.0,Total
Shamli,2020,0.49,2.32,,Total
Shamli,2021,0.5,2.42,4808.0,Total
Shamli,2022,0.52,2.26,4354.0,Total
Shamli,2023,0.55,2.69,4888.0,Total
Shamli,2024,0.51,2.36,4599.0,Total
Shamli,2025,0.53,2.27,4306.0,Total
Shravasti,2006,0.63,1.43,2271.0,Total
Shravasti,2007,0.58,1.53,2623.0,Total
Shravasti,2008,0.59,1.38,2314.0,Total
Shravasti,2009,0.61,1.63,2669.0,Total
Shravasti,2010,0.58,1.56,2671.0,Total
Shravasti,2011,0.62,1.69,2716.0,Total
Shravasti,2012,0.67,1.98,2954.0,Total
Shravasti,2013,0.64,1.72,2689.0,Total
Shravasti,2014,0.71,2.16,3051.0,Total
Shravasti,2015,0.68,1.82,2676.0,Total
Shravasti,2016,0.7,1.86,2656.0,Total
Shravasti,2017,0.71,2.13,3001.0,Total
Shravasti,2018,0.69,2.21,3222.0,Total
Shravasti,2019,0.72,2.47,3421.0,Total
Shravasti,2020,0.7,2.34,,Total
Shravasti,2021,0.7,2.39,3394.0,Total
Shravasti,2022,0.73,2.64,3602.0,Total
Shravasti,2023,0.98,3.29,3350.0,Total
Shravasti,2024,0.96,3.46,3620.0,Total
Shravasti,2025,0.92,3.48,3780.0,Total
Siddharth Nagar,2006,1.45,3.72,2564.0,Total
Siddharth Nagar,2007,1.53,3.85,2520.0,Total
Siddharth Nagar,2008,1.67,3.75,2245.0,Total
Siddharth Nagar,2009,1.67,4.23,2528.0,Total
Siddharth Nagar,2010,1.67,3.88,2331.0,Total
Siddharth Nagar,2011,1.59,5.0,3138.0,Total
Siddharth Nagar,2012,1.58,5.38,3411.0,Total
Siddharth Nagar,2013,1.6,5.67,3547.0,Total
Siddharth Nagar,2014,1.58,5.97,3779.0,Total
Siddharth Nagar,2015,1.62,4.08,2527.0,Total
Siddharth Nagar,2016,1.51,5.04,3342.0,Total
Siddharth Nagar,2017,1.56,6.19,3957.0,Total
Siddharth Nagar,2018,1.58,6.3,3979.0,Total
Siddharth Nagar,2019,1.58,6.9,4375.0,Total
Siddharth Nagar,2020,1.57,6.37,,Total
Siddharth Nagar,2021,1.56,6.2,3962.0,Total
Siddharth Nagar,2022,1.64,6.73,4106.0,Total
Siddharth Nagar,2023,1.81,7.24,4003.0,Total
Siddharth Nagar,2024,1.84,7.06,3838.0,Total
Siddharth Nagar,2025,1.81,6.41,3531.0,Total
Sitapur,2006,2.03,4.85,2393.0,Total
Sitapur,2007,1.91,5.23,2736.0,Total
Sitapur,2008,1.89,5.22,2768.0,Total
Sitapur,2009,2.24,6.57,2932.0,Total
Sitapur,2010,2.24,5.93,2647.0,Total
Sitapur,2011,2.17,6.65,3065.0,Total
Sitapur,2012,2.16,6.82,3160.0,Total
Sitapur,2013,2.12,6.75,3182.0,Total
Sitapur,2014,2.11,6.52,3089.0,Total
Sitapur,2015,2.09,3.72,1785.0,Total
Sitapur,2016,2.15,5.33,2485.0,Total
Sitapur,2017,2.12,7.16,3372.0,Total
Sitapur,2018,2.11,6.86,3252.0,Total
Sitapur,2019,2.05,7.15,3480.0,Total
Sitapur,2020,2.09,7.01,,Total
Sitapur,2021,2.11,7.64,3630.0,Total
Sitapur,2022,2.19,8.32,3791.0,Total
Sitapur,2023,2.1,7.93,3780.0,Total
Sitapur,2024,1.77,6.61,3738.0,Total
Sitapur,2025,2.01,7.42,3693.0,Total
Sonbhadra,2006,0.69,0.7,1016.0,Total
Sonbhadra,2007,0.52,0.67,1294.0,Total
Sonbhadra,2008,0.22,0.35,1590.0,Total
Sonbhadra,2009,0.48,0.72,1506.0,Total
Sonbhadra,2010,0.57,1.08,1904.0,Total
Sonbhadra,2011,0.54,0.93,1723.0,Total
Sonbhadra,2012,0.56,1.06,1888.0,Total
Sonbhadra,2013,0.55,1.17,2139.0,Total
Sonbhadra,2014,0.58,1.36,2349.0,Total
Sonbhadra,2015,0.58,1.18,2035.0,Total
Sonbhadra,2016,0.58,0.93,1590.0,Total
Sonbhadra,2017,0.56,1.35,2408.0,Total
Sonbhadra,2018,0.54,1.28,2357.0,Total
Sonbhadra,2019,0.58,1.57,2704.0,Total
Sonbhadra,2020,0.6,1.44,,Total
Sonbhadra,2021,0.58,1.52,2624.0,Total
Sonbhadra,2022,0.63,1.76,2775.0,Total
Sonbhadra,2023,0.81,2.31,2848.0,Total
Sonbhadra,2024,0.75,2.03,2702.0,Total
Sonbhadra,2025,0.67,2.01,3019.0,Total
Sultanpur,2006,1.65,4.26,2580.0,Total
Sultanpur,2007,1.66,4.52,2727.0,Total
Sultanpur,2008,1.69,4.72,2795.0,Total
Sultanpur,2009,1.7,4.78,2822.0,Total
Sultanpur,2010,1.69,4.62,2730.0,Total
Sultanpur,2011,1.03,3.27,3168.0,Total
Sultanpur,2012,1.04,3.32,3188.0,Total
Sultanpur,2013,1.05,3.26,3114.0,Total
Sultanpur,2014,1.04,2.56,2458.0,Total
Sultanpur,2015,1.04,2.39,2290.0,Total
Sultanpur,2016,1.16,3.29,2838.0,Total
Sultanpur,2017,1.01,3.42,3387.0,Total
Sultanpur,2018,1.15,4.62,4030.0,Total
Sultanpur,2019,1.05,4.37,4174.0,Total
Sultanpur,2020,1.04,4.13,,Total
Sultanpur,2021,1.05,4.04,3860.0,Total
Sultanpur,2022,1.1,4.48,4070.0,Total
Sultanpur,2023,1.17,4.5,3857.0,Total
Sultanpur,2024,1.16,4.86,4194.0,Total
Sultanpur,2025,1.17,4.72,4030.0,Total
Unnao,2006,2.19,5.2,2381.0,Total
Unnao,2007,2.23,6.38,2863.0,Total
Unnao,2008,2.26,5.99,2649.0,Total
Unnao,2009,2.32,6.87,2957.0,Total
Unnao,2010,2.37,6.53,2760.0,Total
Unnao,2011,2.39,7.09,2965.0,Total
Unnao,2012,2.41,7.18,2984.0,Total
Unnao,2013,2.4,6.86,2857.0,Total
Unnao,2014,2.42,7.37,3048.0,Total
Unnao,2015,2.43,4.88,2007.0,Total
Unnao,2016,2.38,5.28,2222.0,Total
Unnao,2017,2.42,7.73,3191.0,Total
Unnao,2018,2.44,7.98,3267.0,Total
Unnao,2019,2.42,9.37,3874.0,Total
Unnao,2020,2.43,8.02,,Total
Unnao,2021,2.43,8.44,3480.0,Total
Unnao,2022,2.53,8.62,3410.0,Total
Unnao,2023,2.42,8.47,3504.0,Total
Unnao,2024,2.16,7.11,3293.0,Total
Unnao,2025,2.23,6.89,3094.0,Total
Varanasi,2006,0.69,1.49,2144.0,Total
Varanasi,2007,0.7,1.77,2535.0,Total
Varanasi,2008,0.76,1.94,2542.0,Total
Varanasi,2009,0.7,1.97,2823.0,Total
Varanasi,2010,0.71,1.78,2513.0,Total
Varanasi,2011,0.71,1.98,2803.0,Total
Varanasi,2012,0.7,2.1,3022.0,Total
Varanasi,2013,0.7,2.15,3079.0,Total
Varanasi,2014,0.69,1.89,2723.0,Total
Varanasi,2015,0.69,1.27,1851.0,Total
Varanasi,2016,0.69,1.65,2409.0,Total
Varanasi,2017,0.71,2.39,3372.0,Total
Varanasi,2018,0.69,2.35,3381.0,Total
Varanasi,2019,0.69,2.41,3496.0,Total
Varanasi,2020,0.68,2.26,,Total
Varanasi,2021,0.7,2.56,3672.0,Total
Varanasi,2022,0.72,2.59,3595.0,Total
Varanasi,2023,0.71,1.74,2454.0,Total
Varanasi,2024,0.62,1.77,2836.0,Total
Varanasi,2025,0.63,2.23,3561.0,Total
